{"v":"5.5.8","fr":30,"ip":0,"op":69,"w":512,"h":512,"nm":"01","ddd":0,"assets":[],"layers":[{"ddd":0,"ind":1,"ty":4,"nm":"Mark/!!! Outlines","sr":1,"ks":{"o":{"a":0,"k":100,"ix":11},"r":{"a":0,"k":0,"ix":10},"p":{"a":0,"k":[256,197,0],"ix":2},"a":{"a":0,"k":[40.5,113,0],"ix":1},"s":{"a":1,"k":[{"i":{"x":[0.021,0.021,0.667],"y":[1.894,1.894,1]},"o":{"x":[0.066,0.066,0.333],"y":[-0.006,-0.006,0]},"t":31.031,"s":[0,0,100]},{"t":44.043969751001,"s":[90,90,100]}],"ix":6}},"ao":0,"shapes":[{"ty":"gr","it":[{"ind":0,"ty":"sh","ix":1,"ks":{"a":0,"k":{"i":[[5.141,-17.506],[5.182,17.113],[0,48.658],[0,-64.511]],"o":[[-4.934,16.824],[-5.966,-19.735],[0,-64.201],[-0.021,48.947]],"v":[[12.665,95.354],[-12.995,95.354],[-40.163,-47.955],[40.163,-47.955]],"c":true},"ix":2},"nm":"Path 1","mn":"ADBE Vector Shape - Group","hd":false},{"ty":"fl","c":{"a":0,"k":[1,1,1,1],"ix":4},"o":{"a":0,"k":100,"ix":5},"r":1,"bm":0,"nm":"Fill 1","mn":"ADBE Vector Graphic - Fill","hd":false},{"ty":"tr","p":{"a":0,"k":[40.412,112.717],"ix":2},"a":{"a":0,"k":[0,0],"ix":1},"s":{"a":0,"k":[100,100],"ix":3},"r":{"a":0,"k":0,"ix":6},"o":{"a":0,"k":100,"ix":7},"sk":{"a":0,"k":0,"ix":4},"sa":{"a":0,"k":0,"ix":5},"nm":"Transform"}],"nm":"Group 1","np":2,"cix":2,"bm":0,"ix":1,"mn":"ADBE Vector Group","hd":false}],"ip":31.031031031031,"op":60.0600600600601,"st":1.001001001001,"bm":0},{"ddd":0,"ind":2,"ty":4,"nm":"Small/!!! Outlines","sr":1,"ks":{"o":{"a":0,"k":100,"ix":11},"r":{"a":0,"k":0,"ix":10},"p":{"a":1,"k":[{"i":{"x":0.667,"y":1},"o":{"x":0.333,"y":0},"t":-2.002,"s":[256,-32,0],"to":[0,79.667,0],"ti":[0,-32.167,0]},{"i":{"x":0.667,"y":1},"o":{"x":0.333,"y":0},"t":14.014,"s":[256,446,0],"to":[0,32.167,0],"ti":[0,11.667,0]},{"i":{"x":0.667,"y":1},"o":{"x":0.333,"y":0},"t":30.03,"s":[256,161,0],"to":[0,-11.014,0],"ti":[0,-49.148,0]},{"i":{"x":0.667,"y":1},"o":{"x":0.333,"y":0},"t":38.038,"s":[256,397.054,0],"to":[0,2.913,0],"ti":[0,-2.005,0]},{"t":43.043163280468,"s":[256,376,0]}],"ix":2},"a":{"a":0,"k":[40.5,40.5,0],"ix":1},"s":{"a":0,"k":[90,90,100],"ix":6}},"ao":0,"shapes":[{"ty":"gr","it":[{"ind":0,"ty":"sh","ix":1,"ks":{"a":0,"k":{"i":[[0,22.092],[22.092,0],[0,-22.092],[-22.091,0]],"o":[[0,-22.092],[-22.091,0],[0,22.092],[22.092,0]],"v":[[40,0],[0,-40],[-40,0],[0,40]],"c":true},"ix":2},"nm":"Path 1","mn":"ADBE Vector Shape - Group","hd":false},{"ty":"fl","c":{"a":0,"k":[1,1,1,1],"ix":4},"o":{"a":0,"k":100,"ix":5},"r":1,"bm":0,"nm":"Fill 1","mn":"ADBE Vector Graphic - Fill","hd":false},{"ty":"tr","p":{"a":0,"k":[40.25,40.25],"ix":2},"a":{"a":0,"k":[0,0],"ix":1},"s":{"a":0,"k":[100,100],"ix":3},"r":{"a":0,"k":0,"ix":6},"o":{"a":0,"k":100,"ix":7},"sk":{"a":0,"k":0,"ix":4},"sa":{"a":0,"k":0,"ix":5},"nm":"Transform"}],"nm":"Group 1","np":2,"cix":2,"bm":0,"ix":1,"mn":"ADBE Vector Group","hd":false}],"ip":15.015015015015,"op":60.0600600600601,"st":-32.032032032032,"bm":0},{"ddd":0,"ind":3,"ty":4,"nm":"Circle/!!! Outlines","sr":1,"ks":{"o":{"a":0,"k":100,"ix":11},"r":{"a":0,"k":0,"ix":10},"p":{"a":0,"k":[256,256,0],"ix":2},"a":{"a":0,"k":[250.5,250.5,0],"ix":1},"s":{"a":1,"k":[{"i":{"x":[0.013,0.013,0.667],"y":[1.398,1.398,1]},"o":{"x":[0.066,0.066,0.333],"y":[-0.009,-0.009,0]},"t":0,"s":[0,0,100]},{"t":20.0205078125,"s":[90,90,100]}],"ix":6}},"ao":0,"shapes":[{"ty":"gr","it":[{"ind":0,"ty":"sh","ix":1,"ks":{"a":0,"k":{"i":[[0,138.071],[138.071,0],[0,-138.071],[-138.071,0]],"o":[[0,-138.071],[-138.071,0],[0,138.071],[138.071,0]],"v":[[250,0],[0,-250],[-250,0],[0,250]],"c":true},"ix":2},"nm":"Path 1","mn":"ADBE Vector Shape - Group","hd":false},{"ty":"fl","c":{"a":0,"k":[0.5176470588235295,0.09411764705882353,0.45098039215686275,1],"ix":4},"o":{"a":0,"k":100,"ix":5},"r":1,"bm":0,"nm":"Fill 1","mn":"ADBE Vector Graphic - Fill","hd":false},{"ty":"tr","p":{"a":0,"k":[250.25,250.25],"ix":2},"a":{"a":0,"k":[0,0],"ix":1},"s":{"a":0,"k":[100,100],"ix":3},"r":{"a":0,"k":0,"ix":6},"o":{"a":0,"k":100,"ix":7},"sk":{"a":0,"k":0,"ix":4},"sa":{"a":0,"k":0,"ix":5},"nm":"Transform"}],"nm":"Group 1","np":2,"cix":2,"bm":0,"ix":1,"mn":"ADBE Vector Group","hd":false}],"ip":0,"op":60.0600600600601,"st":0,"bm":0}],"markers":[]}