{"v":"4.8.0","meta":{"g":"LottieFiles AE ","a":"","k":"","d":"","tc":""},"fr":29.9700012207031,"ip":0,"op":30.0000012219251,"w":72,"h":72,"nm":"schedule","ddd":0,"assets":[],"layers":[{"ddd":0,"ind":1,"ty":4,"nm":"Layer 2 Outlines","sr":1,"ks":{"o":{"a":0,"k":100,"ix":11},"r":{"a":0,"k":0,"ix":10},"p":{"a":1,"k":[{"i":{"x":0.45,"y":1},"o":{"x":0.577,"y":0},"t":0,"s":[54.063,43.323,0],"to":[0,1.458,0],"ti":[0,-0.917,0]},{"i":{"x":0.438,"y":1},"o":{"x":0.333,"y":0},"t":6,"s":[54.063,52.073,0],"to":[0,0.917,0],"ti":[0,0.25,0]},{"i":{"x":0.351,"y":1},"o":{"x":0.333,"y":0},"t":10,"s":[54.063,48.823,0],"to":[0,-0.25,0],"ti":[0,-0.292,0]},{"t":13.0000005295009,"s":[54.063,50.573,0]}],"ix":2,"x":"var $bm_rt;\nvar tNext;\nvar _0x27e1 = [\n        'BOUNCr bounceBACK',\n        'Elasticity',\n        'Gravity',\n        'Max Bounces',\n        'index',\n        'time'\n    ];\ntry {\n    var effecto = effect(_0x27e1[0]);\n    var elasticity = $bm_div(effecto(_0x27e1[1]), 100);\n    var gravity = $bm_mul(effecto(_0x27e1[2]), 100);\n    var nMax = effecto(_0x27e1[3]);\n    var delta, n, nb, numKeys, segDur, t, tCur, tnext, v, vl, vu;\n    $bm_rt = n = 0;\n    if (numKeys > 0) {\n        $bm_rt = n = nearestKey(time)[_0x27e1[4]];\n        if (key(n)[_0x27e1[5]] > time) {\n            n--;\n        }\n    }\n    ;\n    if (n > 0) {\n        t = $bm_sub(time, key(n)[_0x27e1[5]]);\n        v = $bm_mul($bm_neg(velocityAtTime($bm_sub(key(n)[_0x27e1[5]], 0.001))), elasticity);\n        vl = length(v);\n        if ($bm_isInstanceOfArray(value)) {\n            vu = vl > 0 ? normalize(v) : [\n                0,\n                0,\n                0\n            ];\n        } else {\n            vu = v < 0 ? -1 : 1;\n        }\n        ;\n        tCur = 0;\n        segDur = $bm_div($bm_mul(2, vl), gravity);\n        tNext = segDur;\n        nb = 1;\n        while (tNext < t && nb <= nMax) {\n            vl *= elasticity;\n            segDur *= elasticity;\n            tCur = tNext;\n            tNext = $bm_sum(tNext, segDur);\n            nb++;\n        }\n        ;\n        if (nb <= nMax) {\n            delta = $bm_sub(t, tCur);\n            $bm_rt = $bm_sum(value, $bm_mul($bm_mul(vu, delta), $bm_sub(vl, $bm_div($bm_mul(gravity, delta), 2))));\n        } else {\n            $bm_rt = value;\n        }\n    } else {\n        $bm_rt = value;\n    }\n} catch (err) {\n    $bm_rt = value;\n}"},"a":{"a":0,"k":[11.33,11.33,0],"ix":1},"s":{"a":0,"k":[100,100,100],"ix":6}},"ao":0,"shapes":[{"ty":"gr","it":[{"ind":0,"ty":"sh","ix":1,"ks":{"a":0,"k":{"i":[[0,0.875],[0.876,0],[0,-0.876],[-0.876,0]],"o":[[0,-0.876],[-0.876,0],[0,0.875],[0.876,0]],"v":[[1.586,0.001],[0,-1.585],[-1.586,0.001],[0,1.585]],"c":true},"ix":2},"nm":"Path 1","mn":"ADBE Vector Shape - Group","hd":false},{"ty":"fl","c":{"a":0,"k":[1,1,1,1],"ix":4},"o":{"a":0,"k":100,"ix":5},"r":1,"bm":0,"nm":"Fill 1","mn":"ADBE Vector Graphic - Fill","hd":false},{"ty":"tr","p":{"a":0,"k":[11.33,16.255],"ix":2},"a":{"a":0,"k":[0,0],"ix":1},"s":{"a":0,"k":[100,100],"ix":3},"r":{"a":0,"k":0,"ix":6},"o":{"a":0,"k":100,"ix":7},"sk":{"a":0,"k":0,"ix":4},"sa":{"a":0,"k":0,"ix":5},"nm":"Transform"}],"nm":"Group 1","np":2,"cix":2,"bm":0,"ix":1,"mn":"ADBE Vector Group","hd":false},{"ty":"gr","it":[{"ind":0,"ty":"sh","ix":1,"ks":{"a":0,"k":{"i":[[0.434,0],[0,0],[0,0.433],[0,0],[-0.435,0],[0,0],[0,-0.434],[0,0]],"o":[[0,0],[-0.435,0],[0,0],[0,-0.434],[0,0],[0.434,0],[0,0],[0,0.433]],"v":[[0.602,4.053],[-0.602,4.053],[-1.387,3.268],[-1.387,-3.268],[-0.602,-4.053],[0.602,-4.053],[1.387,-3.268],[1.387,3.268]],"c":true},"ix":2},"nm":"Path 1","mn":"ADBE Vector Shape - Group","hd":false},{"ty":"fl","c":{"a":0,"k":[1,1,1,1],"ix":4},"o":{"a":0,"k":100,"ix":5},"r":1,"bm":0,"nm":"Fill 1","mn":"ADBE Vector Graphic - Fill","hd":false},{"ty":"tr","p":{"a":0,"k":[11.33,8.645],"ix":2},"a":{"a":0,"k":[0,0],"ix":1},"s":{"a":0,"k":[100,100],"ix":3},"r":{"a":0,"k":0,"ix":6},"o":{"a":0,"k":100,"ix":7},"sk":{"a":0,"k":0,"ix":4},"sa":{"a":0,"k":0,"ix":5},"nm":"Transform"}],"nm":"Group 2","np":2,"cix":2,"bm":0,"ix":2,"mn":"ADBE Vector Group","hd":false},{"ty":"gr","it":[{"ind":0,"ty":"sh","ix":1,"ks":{"a":0,"k":{"i":[[0,-2.289],[6.119,0],[2.005,2.821],[-1.128,0],[-1.044,7.322]],"o":[[0,6.119],[-3.728,0],[1.058,0.235],[7.612,0],[1.183,1.763]],"v":[[10.054,-2.451],[-1.023,8.626],[-10.054,3.965],[-6.769,4.325],[8.18,-8.626]],"c":true},"ix":2},"nm":"Path 1","mn":"ADBE Vector Shape - Group","hd":false},{"ty":"fl","c":{"a":0,"k":[0.5176470588235295,0.09411764705882353,0.4588235294117647,1],"ix":4},"o":{"a":0,"k":100,"ix":5},"r":1,"bm":0,"nm":"Fill 1","mn":"ADBE Vector Graphic - Fill","hd":false},{"ty":"tr","p":{"a":0,"k":[12.355,13.784],"ix":2},"a":{"a":0,"k":[0,0],"ix":1},"s":{"a":0,"k":[100,100],"ix":3},"r":{"a":0,"k":0,"ix":6},"o":{"a":0,"k":100,"ix":7},"sk":{"a":0,"k":0,"ix":4},"sa":{"a":0,"k":0,"ix":5},"nm":"Transform"}],"nm":"Group 3","np":2,"cix":2,"bm":0,"ix":3,"mn":"ADBE Vector Group","hd":false},{"ty":"gr","it":[{"ind":0,"ty":"sh","ix":1,"ks":{"a":0,"k":{"i":[[0,-6.119],[6.119,0],[0,6.119],[-6.12,0]],"o":[[0,6.119],[-6.12,0],[0,-6.119],[6.119,0]],"v":[[11.08,0],[0,11.08],[-11.08,0],[0,-11.08]],"c":true},"ix":2},"nm":"Path 1","mn":"ADBE Vector Shape - Group","hd":false},{"ty":"fl","c":{"a":0,"k":[0.5176470588235295,0.09411764705882353,0.4588235294117647,1],"ix":4},"o":{"a":0,"k":100,"ix":5},"r":1,"bm":0,"nm":"Fill 1","mn":"ADBE Vector Graphic - Fill","hd":false},{"ty":"tr","p":{"a":0,"k":[11.33,11.33],"ix":2},"a":{"a":0,"k":[0,0],"ix":1},"s":{"a":0,"k":[100,100],"ix":3},"r":{"a":0,"k":0,"ix":6},"o":{"a":0,"k":100,"ix":7},"sk":{"a":0,"k":0,"ix":4},"sa":{"a":0,"k":0,"ix":5},"nm":"Transform"}],"nm":"Group 4","np":2,"cix":2,"bm":0,"ix":4,"mn":"ADBE Vector Group","hd":false}],"ip":0,"op":30.0000012219251,"st":0,"bm":0},{"ddd":0,"ind":2,"ty":4,"nm":"Layer 3 Outlines","sr":1,"ks":{"o":{"a":0,"k":100,"ix":11},"r":{"a":0,"k":0,"ix":10},"p":{"a":0,"k":[36,34.295,0],"ix":2},"a":{"a":0,"k":[23.898,24.325,0],"ix":1},"s":{"a":0,"k":[100,100,100],"ix":6}},"ao":0,"shapes":[{"ty":"gr","it":[{"ind":0,"ty":"sh","ix":1,"ks":{"a":0,"k":{"i":[[1.267,0],[0,0],[0,1.267],[0,0],[-1.267,0],[0,-1.267],[0,0]],"o":[[0,0],[-1.267,0],[0,0],[0,-1.267],[1.267,0],[0,0],[0,1.267]],"v":[[0,5.5],[0,5.5],[-2.294,3.206],[-2.294,-3.206],[0,-5.5],[2.294,-3.206],[2.294,3.206]],"c":true},"ix":2},"nm":"Path 1","mn":"ADBE Vector Shape - Group","hd":false},{"ty":"fl","c":{"a":0,"k":[0.356999984442,0.356999984442,0.340999977261,1],"ix":4},"o":{"a":0,"k":100,"ix":5},"r":1,"bm":0,"nm":"Fill 1","mn":"ADBE Vector Graphic - Fill","hd":false},{"ty":"tr","p":{"a":0,"k":[37.14,5.75],"ix":2},"a":{"a":0,"k":[0,0],"ix":1},"s":{"a":0,"k":[100,100],"ix":3},"r":{"a":0,"k":0,"ix":6},"o":{"a":0,"k":100,"ix":7},"sk":{"a":0,"k":0,"ix":4},"sa":{"a":0,"k":0,"ix":5},"nm":"Transform"}],"nm":"Group 1","np":2,"cix":2,"bm":0,"ix":1,"mn":"ADBE Vector Group","hd":false},{"ty":"gr","it":[{"ind":0,"ty":"sh","ix":1,"ks":{"a":0,"k":{"i":[[1.267,0],[0,0],[0,1.267],[0,0],[-1.267,0],[0,-1.267],[0,0]],"o":[[0,0],[-1.267,0],[0,0],[0,-1.267],[1.267,0],[0,0],[0,1.267]],"v":[[0,5.5],[0,5.5],[-2.294,3.206],[-2.294,-3.206],[0,-5.5],[2.294,-3.206],[2.294,3.206]],"c":true},"ix":2},"nm":"Path 1","mn":"ADBE Vector Shape - Group","hd":false},{"ty":"fl","c":{"a":0,"k":[0.356999984442,0.356999984442,0.340999977261,1],"ix":4},"o":{"a":0,"k":100,"ix":5},"r":1,"bm":0,"nm":"Fill 1","mn":"ADBE Vector Graphic - Fill","hd":false},{"ty":"tr","p":{"a":0,"k":[10.656,5.75],"ix":2},"a":{"a":0,"k":[0,0],"ix":1},"s":{"a":0,"k":[100,100],"ix":3},"r":{"a":0,"k":0,"ix":6},"o":{"a":0,"k":100,"ix":7},"sk":{"a":0,"k":0,"ix":4},"sa":{"a":0,"k":0,"ix":5},"nm":"Transform"}],"nm":"Group 2","np":2,"cix":2,"bm":0,"ix":2,"mn":"ADBE Vector Group","hd":false},{"ty":"gr","it":[{"ind":0,"ty":"sh","ix":1,"ks":{"a":0,"k":{"i":[[0.553,0],[0,0],[0,0.553],[-0.553,0],[0,0],[0,-0.553]],"o":[[0,0],[-0.553,0],[0,-0.553],[0,0],[0.553,0],[0,0.553]],"v":[[3.348,1],[-3.348,1],[-4.348,0],[-3.348,-1],[3.348,-1],[4.348,0]],"c":true},"ix":2},"nm":"Path 1","mn":"ADBE Vector Shape - Group","hd":false},{"ty":"fl","c":{"a":0,"k":[0.532999973671,0.54900004069,0.556999954523,1],"ix":4},"o":{"a":0,"k":100,"ix":5},"r":1,"bm":0,"nm":"Fill 1","mn":"ADBE Vector Graphic - Fill","hd":false},{"ty":"tr","p":{"a":0,"k":[10.656,8.77],"ix":2},"a":{"a":0,"k":[0,0],"ix":1},"s":{"a":0,"k":[100,100],"ix":3},"r":{"a":0,"k":0,"ix":6},"o":{"a":0,"k":100,"ix":7},"sk":{"a":0,"k":0,"ix":4},"sa":{"a":0,"k":0,"ix":5},"nm":"Transform"}],"nm":"Group 3","np":2,"cix":2,"bm":0,"ix":3,"mn":"ADBE Vector Group","hd":false},{"ty":"gr","it":[{"ind":0,"ty":"sh","ix":1,"ks":{"a":0,"k":{"i":[[0.553,0],[0,0],[0,0.553],[-0.553,0],[0,0],[0,-0.553]],"o":[[0,0],[-0.553,0],[0,-0.553],[0,0],[0.553,0],[0,0.553]],"v":[[3.348,1],[-3.348,1],[-4.348,0],[-3.348,-1],[3.348,-1],[4.348,0]],"c":true},"ix":2},"nm":"Path 1","mn":"ADBE Vector Shape - Group","hd":false},{"ty":"fl","c":{"a":0,"k":[0.532999973671,0.54900004069,0.556999954523,1],"ix":4},"o":{"a":0,"k":100,"ix":5},"r":1,"bm":0,"nm":"Fill 1","mn":"ADBE Vector Graphic - Fill","hd":false},{"ty":"tr","p":{"a":0,"k":[37.141,8.77],"ix":2},"a":{"a":0,"k":[0,0],"ix":1},"s":{"a":0,"k":[100,100],"ix":3},"r":{"a":0,"k":0,"ix":6},"o":{"a":0,"k":100,"ix":7},"sk":{"a":0,"k":0,"ix":4},"sa":{"a":0,"k":0,"ix":5},"nm":"Transform"}],"nm":"Group 4","np":2,"cix":2,"bm":0,"ix":4,"mn":"ADBE Vector Group","hd":false},{"ty":"gr","it":[{"ind":0,"ty":"sh","ix":1,"ks":{"a":0,"k":{"i":[[0.552,0],[0,0],[0,0.553],[0,0],[-0.552,0],[0,0],[0,-0.553],[0,0]],"o":[[0,0],[-0.552,0],[0,0],[0,-0.553],[0,0],[0.552,0],[0,0],[0,0.553]],"v":[[0.575,1.574],[-0.575,1.574],[-1.575,0.574],[-1.575,-0.574],[-0.575,-1.574],[0.575,-1.574],[1.575,-0.574],[1.575,0.574]],"c":true},"ix":2},"nm":"Path 1","mn":"ADBE Vector Shape - Group","hd":false},{"ty":"fl","c":{"a":0,"k":[0.698000021542,0.709999952129,0.717999985639,1],"ix":4},"o":{"a":0,"k":100,"ix":5},"r":1,"bm":0,"nm":"Fill 1","mn":"ADBE Vector Graphic - Fill","hd":false},{"ty":"tr","p":{"a":0,"k":[41.507,37.179],"ix":2},"a":{"a":0,"k":[0,0],"ix":1},"s":{"a":0,"k":[100,100],"ix":3},"r":{"a":0,"k":0,"ix":6},"o":{"a":0,"k":100,"ix":7},"sk":{"a":0,"k":0,"ix":4},"sa":{"a":0,"k":0,"ix":5},"nm":"Transform"}],"nm":"Group 5","np":2,"cix":2,"bm":0,"ix":5,"mn":"ADBE Vector Group","hd":false},{"ty":"gr","it":[{"ind":0,"ty":"sh","ix":1,"ks":{"a":0,"k":{"i":[[0.552,0],[0,0],[0,0.553],[0,0],[-0.553,0],[0,0],[0,-0.553],[0,0]],"o":[[0,0],[-0.553,0],[0,0],[0,-0.553],[0,0],[0.552,0],[0,0],[0,0.553]],"v":[[0.574,1.574],[-0.574,1.574],[-1.574,0.574],[-1.574,-0.574],[-0.574,-1.574],[0.574,-1.574],[1.574,-0.574],[1.574,0.574]],"c":true},"ix":2},"nm":"Path 1","mn":"ADBE Vector Shape - Group","hd":false},{"ty":"fl","c":{"a":0,"k":[0.698000021542,0.709999952129,0.717999985639,1],"ix":4},"o":{"a":0,"k":100,"ix":5},"r":1,"bm":0,"nm":"Fill 1","mn":"ADBE Vector Graphic - Fill","hd":false},{"ty":"tr","p":{"a":0,"k":[32.703,37.179],"ix":2},"a":{"a":0,"k":[0,0],"ix":1},"s":{"a":0,"k":[100,100],"ix":3},"r":{"a":0,"k":0,"ix":6},"o":{"a":0,"k":100,"ix":7},"sk":{"a":0,"k":0,"ix":4},"sa":{"a":0,"k":0,"ix":5},"nm":"Transform"}],"nm":"Group 6","np":2,"cix":2,"bm":0,"ix":6,"mn":"ADBE Vector Group","hd":false},{"ty":"gr","it":[{"ind":0,"ty":"sh","ix":1,"ks":{"a":0,"k":{"i":[[0.553,0],[0,0],[0,0.553],[0,0],[-0.553,0],[0,0],[0,-0.553],[0,0]],"o":[[0,0],[-0.553,0],[0,0],[0,-0.553],[0,0],[0.553,0],[0,0],[0,0.553]],"v":[[0.574,1.574],[-0.574,1.574],[-1.574,0.574],[-1.574,-0.574],[-0.574,-1.574],[0.574,-1.574],[1.574,-0.574],[1.574,0.574]],"c":true},"ix":2},"nm":"Path 1","mn":"ADBE Vector Shape - Group","hd":false},{"ty":"fl","c":{"a":0,"k":[0.698000021542,0.709999952129,0.717999985639,1],"ix":4},"o":{"a":0,"k":100,"ix":5},"r":1,"bm":0,"nm":"Fill 1","mn":"ADBE Vector Graphic - Fill","hd":false},{"ty":"tr","p":{"a":0,"k":[23.898,37.179],"ix":2},"a":{"a":0,"k":[0,0],"ix":1},"s":{"a":0,"k":[100,100],"ix":3},"r":{"a":0,"k":0,"ix":6},"o":{"a":0,"k":100,"ix":7},"sk":{"a":0,"k":0,"ix":4},"sa":{"a":0,"k":0,"ix":5},"nm":"Transform"}],"nm":"Group 7","np":2,"cix":2,"bm":0,"ix":7,"mn":"ADBE Vector Group","hd":false},{"ty":"gr","it":[{"ind":0,"ty":"sh","ix":1,"ks":{"a":0,"k":{"i":[[0.552,0],[0,0],[0,0.553],[0,0],[-0.552,0],[0,0],[0,-0.553],[0,0]],"o":[[0,0],[-0.552,0],[0,0],[0,-0.553],[0,0],[0.552,0],[0,0],[0,0.553]],"v":[[0.574,1.574],[-0.574,1.574],[-1.574,0.574],[-1.574,-0.574],[-0.574,-1.574],[0.574,-1.574],[1.574,-0.574],[1.574,0.574]],"c":true},"ix":2},"nm":"Path 1","mn":"ADBE Vector Shape - Group","hd":false},{"ty":"fl","c":{"a":0,"k":[0.698000021542,0.709999952129,0.717999985639,1],"ix":4},"o":{"a":0,"k":100,"ix":5},"r":1,"bm":0,"nm":"Fill 1","mn":"ADBE Vector Graphic - Fill","hd":false},{"ty":"tr","p":{"a":0,"k":[15.094,37.179],"ix":2},"a":{"a":0,"k":[0,0],"ix":1},"s":{"a":0,"k":[100,100],"ix":3},"r":{"a":0,"k":0,"ix":6},"o":{"a":0,"k":100,"ix":7},"sk":{"a":0,"k":0,"ix":4},"sa":{"a":0,"k":0,"ix":5},"nm":"Transform"}],"nm":"Group 8","np":2,"cix":2,"bm":0,"ix":8,"mn":"ADBE Vector Group","hd":false},{"ty":"gr","it":[{"ind":0,"ty":"sh","ix":1,"ks":{"a":0,"k":{"i":[[0.552,0],[0,0],[0,0.553],[0,0],[-0.553,0],[0,0],[0,-0.553],[0,0]],"o":[[0,0],[-0.553,0],[0,0],[0,-0.553],[0,0],[0.552,0],[0,0],[0,0.553]],"v":[[0.574,1.574],[-0.574,1.574],[-1.574,0.574],[-1.574,-0.574],[-0.574,-1.574],[0.574,-1.574],[1.574,-0.574],[1.574,0.574]],"c":true},"ix":2},"nm":"Path 1","mn":"ADBE Vector Shape - Group","hd":false},{"ty":"fl","c":{"a":0,"k":[0.698000021542,0.709999952129,0.717999985639,1],"ix":4},"o":{"a":0,"k":100,"ix":5},"r":1,"bm":0,"nm":"Fill 1","mn":"ADBE Vector Graphic - Fill","hd":false},{"ty":"tr","p":{"a":0,"k":[6.29,37.179],"ix":2},"a":{"a":0,"k":[0,0],"ix":1},"s":{"a":0,"k":[100,100],"ix":3},"r":{"a":0,"k":0,"ix":6},"o":{"a":0,"k":100,"ix":7},"sk":{"a":0,"k":0,"ix":4},"sa":{"a":0,"k":0,"ix":5},"nm":"Transform"}],"nm":"Group 9","np":2,"cix":2,"bm":0,"ix":9,"mn":"ADBE Vector Group","hd":false},{"ty":"gr","it":[{"ind":0,"ty":"sh","ix":1,"ks":{"a":0,"k":{"i":[[0.552,0],[0,0],[0,0.553],[0,0],[-0.552,0],[0,0],[0,-0.553],[0,0]],"o":[[0,0],[-0.552,0],[0,0],[0,-0.553],[0,0],[0.552,0],[0,0],[0,0.553]],"v":[[0.575,1.574],[-0.575,1.574],[-1.575,0.574],[-1.575,-0.574],[-0.575,-1.574],[0.575,-1.574],[1.575,-0.574],[1.575,0.574]],"c":true},"ix":2},"nm":"Path 1","mn":"ADBE Vector Shape - Group","hd":false},{"ty":"fl","c":{"a":0,"k":[0.698000021542,0.709999952129,0.717999985639,1],"ix":4},"o":{"a":0,"k":100,"ix":5},"r":1,"bm":0,"nm":"Fill 1","mn":"ADBE Vector Graphic - Fill","hd":false},{"ty":"tr","p":{"a":0,"k":[41.507,30.142],"ix":2},"a":{"a":0,"k":[0,0],"ix":1},"s":{"a":0,"k":[100,100],"ix":3},"r":{"a":0,"k":0,"ix":6},"o":{"a":0,"k":100,"ix":7},"sk":{"a":0,"k":0,"ix":4},"sa":{"a":0,"k":0,"ix":5},"nm":"Transform"}],"nm":"Group 10","np":2,"cix":2,"bm":0,"ix":10,"mn":"ADBE Vector Group","hd":false},{"ty":"gr","it":[{"ind":0,"ty":"sh","ix":1,"ks":{"a":0,"k":{"i":[[0.552,0],[0,0],[0,0.553],[0,0],[-0.553,0],[0,0],[0,-0.553],[0,0]],"o":[[0,0],[-0.553,0],[0,0],[0,-0.553],[0,0],[0.552,0],[0,0],[0,0.553]],"v":[[0.574,1.574],[-0.574,1.574],[-1.574,0.574],[-1.574,-0.574],[-0.574,-1.574],[0.574,-1.574],[1.574,-0.574],[1.574,0.574]],"c":true},"ix":2},"nm":"Path 1","mn":"ADBE Vector Shape - Group","hd":false},{"ty":"fl","c":{"a":0,"k":[0.698000021542,0.709999952129,0.717999985639,1],"ix":4},"o":{"a":0,"k":100,"ix":5},"r":1,"bm":0,"nm":"Fill 1","mn":"ADBE Vector Graphic - Fill","hd":false},{"ty":"tr","p":{"a":0,"k":[32.703,30.142],"ix":2},"a":{"a":0,"k":[0,0],"ix":1},"s":{"a":0,"k":[100,100],"ix":3},"r":{"a":0,"k":0,"ix":6},"o":{"a":0,"k":100,"ix":7},"sk":{"a":0,"k":0,"ix":4},"sa":{"a":0,"k":0,"ix":5},"nm":"Transform"}],"nm":"Group 11","np":2,"cix":2,"bm":0,"ix":11,"mn":"ADBE Vector Group","hd":false},{"ty":"gr","it":[{"ind":0,"ty":"sh","ix":1,"ks":{"a":0,"k":{"i":[[0.553,0],[0,0],[0,0.553],[0,0],[-0.553,0],[0,0],[0,-0.553],[0,0]],"o":[[0,0],[-0.553,0],[0,0],[0,-0.553],[0,0],[0.553,0],[0,0],[0,0.553]],"v":[[0.574,1.574],[-0.574,1.574],[-1.574,0.574],[-1.574,-0.574],[-0.574,-1.574],[0.574,-1.574],[1.574,-0.574],[1.574,0.574]],"c":true},"ix":2},"nm":"Path 1","mn":"ADBE Vector Shape - Group","hd":false},{"ty":"fl","c":{"a":0,"k":[0.698000021542,0.709999952129,0.717999985639,1],"ix":4},"o":{"a":0,"k":100,"ix":5},"r":1,"bm":0,"nm":"Fill 1","mn":"ADBE Vector Graphic - Fill","hd":false},{"ty":"tr","p":{"a":0,"k":[23.898,30.142],"ix":2},"a":{"a":0,"k":[0,0],"ix":1},"s":{"a":0,"k":[100,100],"ix":3},"r":{"a":0,"k":0,"ix":6},"o":{"a":0,"k":100,"ix":7},"sk":{"a":0,"k":0,"ix":4},"sa":{"a":0,"k":0,"ix":5},"nm":"Transform"}],"nm":"Group 12","np":2,"cix":2,"bm":0,"ix":12,"mn":"ADBE Vector Group","hd":false},{"ty":"gr","it":[{"ind":0,"ty":"sh","ix":1,"ks":{"a":0,"k":{"i":[[0.552,0],[0,0],[0,0.553],[0,0],[-0.552,0],[0,0],[0,-0.553],[0,0]],"o":[[0,0],[-0.552,0],[0,0],[0,-0.553],[0,0],[0.552,0],[0,0],[0,0.553]],"v":[[0.574,1.574],[-0.574,1.574],[-1.574,0.574],[-1.574,-0.574],[-0.574,-1.574],[0.574,-1.574],[1.574,-0.574],[1.574,0.574]],"c":true},"ix":2},"nm":"Path 1","mn":"ADBE Vector Shape - Group","hd":false},{"ty":"fl","c":{"a":0,"k":[0.698000021542,0.709999952129,0.717999985639,1],"ix":4},"o":{"a":0,"k":100,"ix":5},"r":1,"bm":0,"nm":"Fill 1","mn":"ADBE Vector Graphic - Fill","hd":false},{"ty":"tr","p":{"a":0,"k":[15.094,30.142],"ix":2},"a":{"a":0,"k":[0,0],"ix":1},"s":{"a":0,"k":[100,100],"ix":3},"r":{"a":0,"k":0,"ix":6},"o":{"a":0,"k":100,"ix":7},"sk":{"a":0,"k":0,"ix":4},"sa":{"a":0,"k":0,"ix":5},"nm":"Transform"}],"nm":"Group 13","np":2,"cix":2,"bm":0,"ix":13,"mn":"ADBE Vector Group","hd":false},{"ty":"gr","it":[{"ind":0,"ty":"sh","ix":1,"ks":{"a":0,"k":{"i":[[0.552,0],[0,0],[0,0.553],[0,0],[-0.553,0],[0,0],[0,-0.553],[0,0]],"o":[[0,0],[-0.553,0],[0,0],[0,-0.553],[0,0],[0.552,0],[0,0],[0,0.553]],"v":[[0.574,1.574],[-0.574,1.574],[-1.574,0.574],[-1.574,-0.574],[-0.574,-1.574],[0.574,-1.574],[1.574,-0.574],[1.574,0.574]],"c":true},"ix":2},"nm":"Path 1","mn":"ADBE Vector Shape - Group","hd":false},{"ty":"fl","c":{"a":0,"k":[0.698000021542,0.709999952129,0.717999985639,1],"ix":4},"o":{"a":0,"k":100,"ix":5},"r":1,"bm":0,"nm":"Fill 1","mn":"ADBE Vector Graphic - Fill","hd":false},{"ty":"tr","p":{"a":0,"k":[6.29,30.142],"ix":2},"a":{"a":0,"k":[0,0],"ix":1},"s":{"a":0,"k":[100,100],"ix":3},"r":{"a":0,"k":0,"ix":6},"o":{"a":0,"k":100,"ix":7},"sk":{"a":0,"k":0,"ix":4},"sa":{"a":0,"k":0,"ix":5},"nm":"Transform"}],"nm":"Group 14","np":2,"cix":2,"bm":0,"ix":14,"mn":"ADBE Vector Group","hd":false},{"ty":"gr","it":[{"ind":0,"ty":"sh","ix":1,"ks":{"a":0,"k":{"i":[[0.552,0],[0,0],[0,0.553],[0,0],[-0.552,0],[0,0],[0,-0.553],[0,0]],"o":[[0,0],[-0.552,0],[0,0],[0,-0.553],[0,0],[0.552,0],[0,0],[0,0.553]],"v":[[0.575,1.574],[-0.575,1.574],[-1.575,0.574],[-1.575,-0.574],[-0.575,-1.574],[0.575,-1.574],[1.575,-0.574],[1.575,0.574]],"c":true},"ix":2},"nm":"Path 1","mn":"ADBE Vector Shape - Group","hd":false},{"ty":"fl","c":{"a":0,"k":[0.698000021542,0.709999952129,0.717999985639,1],"ix":4},"o":{"a":0,"k":100,"ix":5},"r":1,"bm":0,"nm":"Fill 1","mn":"ADBE Vector Graphic - Fill","hd":false},{"ty":"tr","p":{"a":0,"k":[41.507,23.104],"ix":2},"a":{"a":0,"k":[0,0],"ix":1},"s":{"a":0,"k":[100,100],"ix":3},"r":{"a":0,"k":0,"ix":6},"o":{"a":0,"k":100,"ix":7},"sk":{"a":0,"k":0,"ix":4},"sa":{"a":0,"k":0,"ix":5},"nm":"Transform"}],"nm":"Group 15","np":2,"cix":2,"bm":0,"ix":15,"mn":"ADBE Vector Group","hd":false},{"ty":"gr","it":[{"ind":0,"ty":"sh","ix":1,"ks":{"a":0,"k":{"i":[[0.552,0],[0,0],[0,0.553],[0,0],[-0.553,0],[0,0],[0,-0.553],[0,0]],"o":[[0,0],[-0.553,0],[0,0],[0,-0.553],[0,0],[0.552,0],[0,0],[0,0.553]],"v":[[0.574,1.574],[-0.574,1.574],[-1.574,0.574],[-1.574,-0.574],[-0.574,-1.574],[0.574,-1.574],[1.574,-0.574],[1.574,0.574]],"c":true},"ix":2},"nm":"Path 1","mn":"ADBE Vector Shape - Group","hd":false},{"ty":"fl","c":{"a":0,"k":[0.698000021542,0.709999952129,0.717999985639,1],"ix":4},"o":{"a":0,"k":100,"ix":5},"r":1,"bm":0,"nm":"Fill 1","mn":"ADBE Vector Graphic - Fill","hd":false},{"ty":"tr","p":{"a":0,"k":[32.703,23.104],"ix":2},"a":{"a":0,"k":[0,0],"ix":1},"s":{"a":0,"k":[100,100],"ix":3},"r":{"a":0,"k":0,"ix":6},"o":{"a":0,"k":100,"ix":7},"sk":{"a":0,"k":0,"ix":4},"sa":{"a":0,"k":0,"ix":5},"nm":"Transform"}],"nm":"Group 16","np":2,"cix":2,"bm":0,"ix":16,"mn":"ADBE Vector Group","hd":false},{"ty":"gr","it":[{"ind":0,"ty":"sh","ix":1,"ks":{"a":0,"k":{"i":[[0.553,0],[0,0],[0,0.553],[0,0],[-0.553,0],[0,0],[0,-0.553],[0,0]],"o":[[0,0],[-0.553,0],[0,0],[0,-0.553],[0,0],[0.553,0],[0,0],[0,0.553]],"v":[[0.574,1.574],[-0.574,1.574],[-1.574,0.574],[-1.574,-0.574],[-0.574,-1.574],[0.574,-1.574],[1.574,-0.574],[1.574,0.574]],"c":true},"ix":2},"nm":"Path 1","mn":"ADBE Vector Shape - Group","hd":false},{"ty":"fl","c":{"a":0,"k":[0.698000021542,0.709999952129,0.717999985639,1],"ix":4},"o":{"a":0,"k":100,"ix":5},"r":1,"bm":0,"nm":"Fill 1","mn":"ADBE Vector Graphic - Fill","hd":false},{"ty":"tr","p":{"a":0,"k":[23.898,23.104],"ix":2},"a":{"a":0,"k":[0,0],"ix":1},"s":{"a":0,"k":[100,100],"ix":3},"r":{"a":0,"k":0,"ix":6},"o":{"a":0,"k":100,"ix":7},"sk":{"a":0,"k":0,"ix":4},"sa":{"a":0,"k":0,"ix":5},"nm":"Transform"}],"nm":"Group 17","np":2,"cix":2,"bm":0,"ix":17,"mn":"ADBE Vector Group","hd":false},{"ty":"gr","it":[{"ind":0,"ty":"sh","ix":1,"ks":{"a":0,"k":{"i":[[0.552,0],[0,0],[0,0.553],[0,0],[-0.552,0],[0,0],[0,-0.553],[0,0]],"o":[[0,0],[-0.552,0],[0,0],[0,-0.553],[0,0],[0.552,0],[0,0],[0,0.553]],"v":[[0.574,1.574],[-0.574,1.574],[-1.574,0.574],[-1.574,-0.574],[-0.574,-1.574],[0.574,-1.574],[1.574,-0.574],[1.574,0.574]],"c":true},"ix":2},"nm":"Path 1","mn":"ADBE Vector Shape - Group","hd":false},{"ty":"fl","c":{"a":0,"k":[0.698000021542,0.709999952129,0.717999985639,1],"ix":4},"o":{"a":0,"k":100,"ix":5},"r":1,"bm":0,"nm":"Fill 1","mn":"ADBE Vector Graphic - Fill","hd":false},{"ty":"tr","p":{"a":0,"k":[15.094,23.104],"ix":2},"a":{"a":0,"k":[0,0],"ix":1},"s":{"a":0,"k":[100,100],"ix":3},"r":{"a":0,"k":0,"ix":6},"o":{"a":0,"k":100,"ix":7},"sk":{"a":0,"k":0,"ix":4},"sa":{"a":0,"k":0,"ix":5},"nm":"Transform"}],"nm":"Group 18","np":2,"cix":2,"bm":0,"ix":18,"mn":"ADBE Vector Group","hd":false},{"ty":"gr","it":[{"ind":0,"ty":"sh","ix":1,"ks":{"a":0,"k":{"i":[[0.552,0],[0,0],[0,0.553],[0,0],[-0.553,0],[0,0],[0,-0.553],[0,0]],"o":[[0,0],[-0.553,0],[0,0],[0,-0.553],[0,0],[0.552,0],[0,0],[0,0.553]],"v":[[0.574,1.574],[-0.574,1.574],[-1.574,0.574],[-1.574,-0.574],[-0.574,-1.574],[0.574,-1.574],[1.574,-0.574],[1.574,0.574]],"c":true},"ix":2},"nm":"Path 1","mn":"ADBE Vector Shape - Group","hd":false},{"ty":"fl","c":{"a":0,"k":[0.698000021542,0.709999952129,0.717999985639,1],"ix":4},"o":{"a":0,"k":100,"ix":5},"r":1,"bm":0,"nm":"Fill 1","mn":"ADBE Vector Graphic - Fill","hd":false},{"ty":"tr","p":{"a":0,"k":[6.29,23.104],"ix":2},"a":{"a":0,"k":[0,0],"ix":1},"s":{"a":0,"k":[100,100],"ix":3},"r":{"a":0,"k":0,"ix":6},"o":{"a":0,"k":100,"ix":7},"sk":{"a":0,"k":0,"ix":4},"sa":{"a":0,"k":0,"ix":5},"nm":"Transform"}],"nm":"Group 19","np":2,"cix":2,"bm":0,"ix":19,"mn":"ADBE Vector Group","hd":false},{"ty":"gr","it":[{"ind":0,"ty":"sh","ix":1,"ks":{"a":0,"k":{"i":[[2.099,0],[0,0],[0,-2.099],[0,0],[0,0],[0,0]],"o":[[0,0],[-2.098,0],[0,0],[0,0],[0,0],[0,-2.099]],"v":[[19.848,-5.881],[-19.848,-5.881],[-23.648,-2.081],[-23.648,5.881],[23.648,5.881],[23.648,-2.081]],"c":true},"ix":2},"nm":"Path 1","mn":"ADBE Vector Shape - Group","hd":false},{"ty":"fl","c":{"a":0,"k":[0.698000021542,0.709999952129,0.717999985639,1],"ix":4},"o":{"a":0,"k":100,"ix":5},"r":1,"bm":0,"nm":"Fill 1","mn":"ADBE Vector Graphic - Fill","hd":false},{"ty":"tr","p":{"a":0,"k":[23.898,10.401],"ix":2},"a":{"a":0,"k":[0,0],"ix":1},"s":{"a":0,"k":[100,100],"ix":3},"r":{"a":0,"k":0,"ix":6},"o":{"a":0,"k":100,"ix":7},"sk":{"a":0,"k":0,"ix":4},"sa":{"a":0,"k":0,"ix":5},"nm":"Transform"}],"nm":"Group 20","np":2,"cix":2,"bm":0,"ix":20,"mn":"ADBE Vector Group","hd":false},{"ty":"gr","it":[{"ind":0,"ty":"sh","ix":1,"ks":{"a":0,"k":{"i":[[2.209,0],[0,0],[0,2.209],[0,0],[-2.209,0],[0,0],[0,-2.209],[0,0]],"o":[[0,0],[-2.209,0],[0,0],[0,-2.209],[0,0],[2.209,0],[0,0],[0,2.209]],"v":[[19.648,20.504],[-19.648,20.504],[-23.648,16.504],[-23.648,-16.504],[-19.648,-20.504],[19.648,-20.504],[23.648,-16.504],[23.648,16.504]],"c":true},"ix":2},"nm":"Path 1","mn":"ADBE Vector Shape - Group","hd":false},{"ty":"fl","c":{"a":0,"k":[0.929000016755,0.933000033509,0.936999990426,1],"ix":4},"o":{"a":0,"k":100,"ix":5},"r":1,"bm":0,"nm":"Fill 1","mn":"ADBE Vector Graphic - Fill","hd":false},{"ty":"tr","p":{"a":0,"k":[23.899,25.024],"ix":2},"a":{"a":0,"k":[0,0],"ix":1},"s":{"a":0,"k":[100,100],"ix":3},"r":{"a":0,"k":0,"ix":6},"o":{"a":0,"k":100,"ix":7},"sk":{"a":0,"k":0,"ix":4},"sa":{"a":0,"k":0,"ix":5},"nm":"Transform"}],"nm":"Group 21","np":2,"cix":2,"bm":0,"ix":21,"mn":"ADBE Vector Group","hd":false},{"ty":"gr","it":[{"ind":0,"ty":"sh","ix":1,"ks":{"a":0,"k":{"i":[[2.099,0],[0,0],[0,2.099],[0,0],[-2.098,0],[0,0],[0,2.099],[0,0]],"o":[[0,0],[-2.098,0],[0,0],[0,2.099],[0,0],[2.099,0],[0,0],[0,2.099]],"v":[[19.848,0.465],[-19.848,0.465],[-23.648,-3.336],[-23.648,-0.464],[-19.848,3.336],[19.848,3.336],[23.648,-0.464],[23.648,-3.336]],"c":true},"ix":2},"nm":"Path 1","mn":"ADBE Vector Shape - Group","hd":false},{"ty":"fl","c":{"a":0,"k":[0.698000021542,0.709999952129,0.717999985639,1],"ix":4},"o":{"a":0,"k":100,"ix":5},"r":1,"bm":0,"nm":"Fill 1","mn":"ADBE Vector Graphic - Fill","hd":false},{"ty":"tr","p":{"a":0,"k":[23.898,45.063],"ix":2},"a":{"a":0,"k":[0,0],"ix":1},"s":{"a":0,"k":[100,100],"ix":3},"r":{"a":0,"k":0,"ix":6},"o":{"a":0,"k":100,"ix":7},"sk":{"a":0,"k":0,"ix":4},"sa":{"a":0,"k":0,"ix":5},"nm":"Transform"}],"nm":"Group 22","np":2,"cix":2,"bm":0,"ix":22,"mn":"ADBE Vector Group","hd":false}],"ip":0,"op":30.0000012219251,"st":0,"bm":0}],"markers":[]}